{
  "_fv": 24,
  "_type": "armor",
  "definition": {
    "enableHelmet": true,
    "textureHelmet": "candy_cane_helmet_texture",
    "enableBody": true,
    "textureBody": "candy_cane_cuirass_texture",
    "enableLeggings": true,
    "textureLeggings": "candy_cane_leggings_texture",
    "enableBoots": true,
    "textureBoots": "candy_cane_boots_texture",
    "creativeTab": {
      "value": "CUSTOM:Christmas"
    },
    "armorTextureFile": "candy",
    "helmetName": "Candy Cane Helmet",
    "bodyName": "Candy Cane Cuirass",
    "leggingsName": "Candy Cane Armor Leggings",
    "bootsName": "Candy Cane Armor Boots",
    "helmetSpecialInfo": [
      "Sweeet...."
    ],
    "bodySpecialInfo": [
      "Do you want have this is Cuirass in real life?"
    ],
    "leggingsSpecialInfo": [
      "My bells are safe."
    ],
    "bootsSpecialInfo": [
      "It's so sticky..."
    ],
    "helmetModelName": "Default",
    "helmetModelPart": "Helmet",
    "helmetModelTexture": "2.png",
    "bodyModelName": "Default",
    "bodyModelPart": "Body",
    "armsModelPartL": "Arms L",
    "armsModelPartR": "Arms R",
    "bodyModelTexture": "1.png",
    "leggingsModelName": "Default",
    "leggingsModelPartL": "Leggings L",
    "leggingsModelPartR": "Leggings R",
    "leggingsModelTexture": "34.png",
    "bootsModelName": "Default",
    "bootsModelPartL": "Boots L",
    "bootsModelPartR": "Boots R",
    "bootsModelTexture": "34.png",
    "helmetImmuneToFire": false,
    "bodyImmuneToFire": false,
    "leggingsImmuneToFire": false,
    "bootsImmuneToFire": false,
    "maxDamage": 25,
    "damageValueHelmet": 3,
    "damageValueBody": 5,
    "damageValueLeggings": 4,
    "damageValueBoots": 2,
    "enchantability": 14,
    "toughness": 0.0,
    "knockbackResistance": 0.0,
    "equipSound": {
      "value": "item.armor.equip_iron"
    },
    "repairItems": [
      {
        "value": "CUSTOM:CandyCane"
      }
    ]
  }
}