{
  "_fv": 24,
  "_type": "tool",
  "definition": {
    "renderType": 0,
    "texture": "candy_cane_pickaxe_texture",
    "customModelName": "Normal",
    "name": "Candy Cane pickaxe",
    "specialInfo": [
      "Yummy Pickaxe! I want eat it!"
    ],
    "creativeTab": {
      "value": "CUSTOM:Christmas"
    },
    "toolType": "Pickaxe",
    "harvestLevel": 3,
    "efficiency": 4.0,
    "attackSpeed": 1.0,
    "enchantability": 4,
    "damageVsEntity": 4.0,
    "usageCount": 100000,
    "blocksAffected": [],
    "hasGlow": false,
    "repairItems": [
      {
        "value": "CUSTOM:CandyCane"
      }
    ],
    "immuneToFire": false,
    "stayInGridWhenCrafting": false,
    "damageOnCrafting": false,
    "onBlockDestroyedWithTool": {
      "name": "Pickaxefs"
    }
  }
}