{
  "_fv": 24,
  "_type": "tool",
  "definition": {
    "renderType": 0,
    "texture": "candy_cane_axe_texture",
    "customModelName": "Normal",
    "name": "Candy Cane Axe",
    "specialInfo": [
      "It's the best axe of the axes!"
    ],
    "creativeTab": {
      "value": "CUSTOM:Christmas"
    },
    "toolType": "Axe",
    "harvestLevel": 4,
    "efficiency": 5.0,
    "attackSpeed": 1.0,
    "enchantability": 4,
    "damageVsEntity": 5.0,
    "usageCount": 128,
    "blocksAffected": [],
    "hasGlow": false,
    "repairItems": [
      {
        "value": "CUSTOM:CandyCane"
      }
    ],
    "immuneToFire": false,
    "stayInGridWhenCrafting": false,
    "damageOnCrafting": false
  }
}