{
  "_fv": 24,
  "_type": "tool",
  "definition": {
    "renderType": 0,
    "texture": "candy_cane_hoe_texture",
    "customModelName": "Normal",
    "name": "Candy Cane Hoe",
    "specialInfo": [
      "What?! Candy cane hoe? Are you siriously?"
    ],
    "creativeTab": {
      "value": "CUSTOM:Christmas"
    },
    "toolType": "Hoe",
    "harvestLevel": 5,
    "efficiency": 4.0,
    "attackSpeed": 1.0,
    "enchantability": 4,
    "damageVsEntity": 4.0,
    "usageCount": 128,
    "blocksAffected": [],
    "hasGlow": false,
    "repairItems": [
      {
        "value": "CUSTOM:CandyCane"
      }
    ],
    "immuneToFire": false,
    "stayInGridWhenCrafting": false,
    "damageOnCrafting": false
  }
}