{
  "_fv": 24,
  "_type": "food",
  "definition": {
    "renderType": 0,
    "texture": "candy_cane",
    "customModelName": "Normal",
    "name": "Candy Cane",
    "rarity": "COMMON",
    "specialInfo": [
      "Very yummy and sweet!"
    ],
    "creativeTab": {
      "value": "CUSTOM:Christmas"
    },
    "stackSize": 64,
    "nutritionalValue": 3,
    "saturation": 0.0,
    "eatingSpeed": 32,
    "resultItem": {
      "value": ""
    },
    "forDogs": false,
    "isAlwaysEdible": false,
    "animation": "eat",
    "hasGlow": false
  }
}