{
  "_fv": 24,
  "_type": "tool",
  "definition": {
    "renderType": 0,
    "texture": "candy_cane_dagger_texture",
    "customModelName": "Normal",
    "name": "Candy Cane Dagger",
    "specialInfo": [
      "Small",
      "but fast weapone."
    ],
    "creativeTab": {
      "value": "CUSTOM:Christmas"
    },
    "toolType": "Sword",
    "harvestLevel": 1,
    "efficiency": 4.0,
    "attackSpeed": 2.0,
    "enchantability": 4,
    "damageVsEntity": 5.0,
    "usageCount": 128,
    "blocksAffected": [],
    "hasGlow": false,
    "repairItems": [
      {
        "value": "CUSTOM:CandyCane"
      }
    ],
    "immuneToFire": false,
    "stayInGridWhenCrafting": false,
    "damageOnCrafting": false
  }
}