{
  "_fv": 24,
  "_type": "recipe",
  "definition": {
    "recipeType": "Crafting",
    "xpReward": 0.0,
    "cookingTime": 200,
    "recipeRetstackSize": 1,
    "group": "",
    "recipeShapeless": false,
    "recipeSlots": [
      {
        "value": "CUSTOM:CandyCane"
      },
      {
        "value": "CUSTOM:CandyCane"
      },
      {
        "value": "CUSTOM:CandyCane"
      },
      {
        "value": "CUSTOM:CandyCane"
      },
      {
        "value": "CUSTOM:CandyCane"
      },
      {
        "value": "CUSTOM:CandyCane"
      },
      {
        "value": "CUSTOM:CandyCane"
      },
      {
        "value": "CUSTOM:CandyCane"
      },
      {
        "value": "CUSTOM:CandyCane"
      }
    ],
    "recipeReturnStack": {
      "value": "CUSTOM:CandyCaneBlock"
    },
    "name": "crafting_candy_cane_block",
    "namespace": "mod"
  }
}