{
  "group": "christmas_by_artemon",
  "type": "minecraft:crafting_shaped",
  "pattern": [
    "01",
    "23",
    "4 "
  ],
  "key": {
    "0": {
      "item": "christmas_by_artemon:candy_cane"
    },
    "1": {
      "item": "christmas_by_artemon:candy_cane"
    },
    "2": {
      "item": "minecraft:stick"
    },
    "3": {
      "item": "christmas_by_artemon:candy_cane"
    },
    "4": {
      "item": "minecraft:stick"
    }
  },
  "result": {
    "item": "christmas_by_artemon:candy_cane_axe",
    "count": 1
  }
}