{
  "credit": "Made with Blockbench",
  "parent": "Сandy Сane Block",
  "texture_size": [
    64,
    64
  ],
  "elements": [
    {
      "name": "Candy Cane Block",
      "from": [
        0,
        0,
        0
      ],
      "to": [
        16,
        16,
        16
      ],
      "faces": {
        "north": {
          "uv": [
            4,
            4,
            8,
            8
          ],
          "texture": "#0"
        },
        "east": {
          "uv": [
            0,
            4,
            4,
            8
          ],
          "texture": "#0"
        },
        "south": {
          "uv": [
            12,
            4,
            16,
            8
          ],
          "texture": "#0"
        },
        "west": {
          "uv": [
            8,
            4,
            12,
            8
          ],
          "texture": "#0"
        },
        "up": {
          "uv": [
            8,
            4,
            4,
            0
          ],
          "texture": "#0"
        },
        "down": {
          "uv": [
            12,
            0,
            8,
            4
          ],
          "texture": "#0"
        }
      }
    }
  ],
  "display": {
    "thirdperson_righthand": {
      "rotation": [
        -20,
        0,
        0
      ],
      "translation": [
        0,
        7,
        0
      ]
    },
    "thirdperson_lefthand": {
      "rotation": [
        -20,
        0,
        0
      ],
      "translation": [
        0,
        7,
        0
      ]
    },
    "firstperson_righthand": {
      "translation": [
        3,
        -1.75,
        0.25
      ]
    },
    "firstperson_lefthand": {
      "translation": [
        3,
        -1.75,
        0.25
      ]
    },
    "gui": {
      "rotation": [
        21,
        22,
        0
      ],
      "scale": [
        0.67,
        0.67,
        0.67
      ]
    },
    "fixed": {
      "translation": [
        0,
        0,
        -0.5
      ]
    }
  }
}